{"DET": {".": 0.06785079928952042, "PRT": 0.08327767573885457, "PRON": 0.017563423473654863, "X": 0.005535055350553505, "NUM": 0.012369572534500169, "ADV": 0.0730152383491048, "ADP": 0.4568771820664385, "NOUN": 0.015528330920034316, "DET": 0.0058083340931886565, "CONJ": 0.1517672201216505, "VERB": 0.16280340386007566, "ADJ": 0.00560457906033866, "#####": 0.21279285169445353}, "NOUN": {".": 0.08254250190307029, "PRT": 0.03660878276840875, "PRON": 0.009123856349950579, "X": 0.0507380073800738, "NUM": 0.38160552002692694, "ADV": 0.03318672530987605, "ADP": 0.2574579142037402, "NOUN": 0.14901024479476366, "DET": 0.625941460745874, "CONJ": 0.2430708531974355, "VERB": 0.0977175561049569, "ADJ": 0.6521285475792988, "#####": 0.1418546365914787}, "VERB": {".": 0.0768924976740252, "PRT": 0.6218483887126398, "PRON": 0.7058063208049269, "X": 0.0470479704797048, "NUM": 0.04602827330865029, "ADV": 0.24099249189213204, "ADP": 0.04112655121158699, "NOUN": 0.1593458219666193, "DET": 0.06473055530227045, "CONJ": 0.19536412954134474, "VERB": 0.18440534892297605, "ADJ": 0.01745468638206535, "#####": 0.044916639424648575}, "ADP": {".": 0.06555019876511883, "PRT": 0.09004007346802471, "PRON": 0.05552880350761589, "X": 0.05627306273062731, "NUM": 0.12967014473241334, "ADV": 0.14165444933137855, "ADP": 0.020515745445746483, "NOUN": 0.24345118402955876, "DET": 0.00900884471596608, "CONJ": 0.07315469340785796, "VERB": 0.16943492098181967, "ADJ": 0.0886745766754114, "#####": 0.12335185790563365}, "ADJ": {".": 0.028808255095999324, "PRT": 0.018909667724160962, "PRON": 0.009326608713282815, "X": 0.004612546125461255, "NUM": 0.06083810164927634, "ADV": 0.13512372828646319, "ADP": 0.08294445020567597, "NOUN": 0.012977345250037449, "DET": 0.24045773684690436, "CONJ": 0.11112937695216177, "VERB": 0.057723566130772695, "ADJ": 0.05705938468876699, "#####": 0.034041625803639536}, "PRT": {".": 0.018506301277171615, "PRT": 0.011228919686091167, "PRON": 0.02402615505486986, "X": 0.007380073800738007, "NUM": 0.005301245371928644, "ADV": 0.028810697943045003, "ADP": 0.014138062152165646, "NOUN": 0.017943142977753773, "DET": 0.001996899790279931, "CONJ": 0.02574387637678777, "VERB": 0.06576880523418611, "ADJ": 0.018885642737896495, "#####": 0.03694017652827721}, ".": {".": 0.10746003552397869, "PRT": 0.07676573718483887, "PRON": 0.10378386598068784, "X": 0.28413284132841327, "NUM": 0.26918545944126554, "ADV": 0.1705095739481985, "ADP": 0.009575166787652528, "NOUN": 0.2845256846128357, "DET": 0.012884106866052703, "CONJ": 0.020877856320894294, "VERB": 0.08019286719208862, "ADJ": 0.10103148103982829, "#####": 0.08824234499291708}, "$$$$$": {".": 0.3799204939524655, "PRT": 0.00037568876273167475, "PRON": 0.00012672022708264694, "X": 0.0027675276752767526, "NUM": 0.005890272635476271, "ADV": 0.0003109867164245413, "ADP": 5.185108368764907e-05, "NOUN": 0.0033180970191596273, "DET": 0.00015501048600346495, "CONJ": 3.287851389117212e-05, "VERB": 0.0005668547076259032, "ADJ": 0.00040245647507751014, "#####": 2.1793614470960008e-05}, "ADV": {".": 0.04350841579971242, "PRT": 0.0360243780263817, "PRON": 0.05385609651012495, "X": 0.00922509225092251, "NUM": 0.020111073712554696, "ADV": 0.09662801546048247, "ADP": 0.015252860451450101, "NOUN": 0.026317820132814664, "DET": 0.017324701376857845, "CONJ": 0.09182968929804373, "VERB": 0.10333829615768123, "ADJ": 0.00988254233245886, "#####": 0.09233954451345756}, "CONJ": {".": 0.0692633003467817, "PRT": 0.012731674737017865, "PRON": 0.0115568847099374, "X": 0.023985239852398525, "NUM": 0.037108717603500506, "ADV": 0.01719312275089964, "ADP": 0.0019703411801306647, "NOUN": 0.059308147267222555, "DET": 0.0006291602078964165, "CONJ": 0.00029590662502054907, "VERB": 0.014314788761251725, "ADJ": 0.037428452182208444, "#####": 0.04892666448730522}, "PRON": {".": 0.04636725027488793, "PRT": 0.00680414092502922, "PRON": 0.00823681476037205, "X": 0.007380073800738007, "NUM": 0.008751262201279031, "ADV": 0.04911368785819006, "ADP": 0.06980020049085693, "NOUN": 0.019786025863908093, "DET": 0.009856843257043859, "CONJ": 0.06766398158803222, "VERB": 0.054759530671620385, "ADJ": 0.0038606010016694493, "#####": 0.15935490901165958}, "NUM": {".": 0.01201894612196566, "PRT": 0.005259642678243446, "PRON": 0.0010137618166611755, "X": 0.0018450184501845018, "NUM": 0.022803769774486705, "ADV": 0.013372428806255277, "ADP": 0.029797089425835668, "NOUN": 0.008161338495826278, "DET": 0.009902434576456643, "CONJ": 0.0185106033207299, "VERB": 0.008776003606015489, "ADJ": 0.007124970188409254, "#####": 0.016650321455813445}, "X": {".": 0.0013110039753023767, "PRT": 0.00012522958757722492, "PRON": 5.068809083305877e-05, "X": 0.49907749077490776, "NUM": 0.0003365870077415012, "ADV": 8.885334754986894e-05, "ADP": 0.0004925852950326662, "NOUN": 0.0003268166694657909, "DET": 0.001303911735205617, "CONJ": 0.000558934736149926, "VERB": 0.00019805766892953244, "ADJ": 0.0004620796565704746, "#####": 0.0005666339762449602}}