{"DET": {".": 0.06824295744860841, "PRT": 0.08421141010033165, "PRON": 0.017491682629297307, "X": 0.004366812227074236, "NUM": 0.01244258872651357, "ADV": 0.07368467749090586, "ADP": 0.45552372841991173, "NOUN": 0.015374107813249143, "DET": 0.005956386519469654, "CONJ": 0.1500799686653393, "VERB": 0.16296892258601176, "ADJ": 0.005937853443657361, "#####": 0.21388253241800154}, "NOUN": {".": 0.08313171474494543, "PRT": 0.0348851853406658, "PRON": 0.009073495312027422, "X": 0.0611353711790393, "NUM": 0.37695198329853863, "ADV": 0.03231745186762488, "ADP": 0.25915890342614817, "NOUN": 0.14907773445627492, "DET": 0.6263208628121419, "CONJ": 0.2448673172960799, "VERB": 0.09788908131400598, "ADJ": 0.6510208941008393, "#####": 0.14080854309687263}, "ADJ": {".": 0.028914643431181795, "PRT": 0.019184752949078544, "PRON": 0.009401149309406191, "X": 0.0034934497816593887, "NUM": 0.05937369519832986, "ADV": 0.13674474314612722, "ADP": 0.08266453338838567, "NOUN": 0.01311254443972029, "DET": 0.23934670716403253, "CONJ": 0.11218461337598329, "VERB": 0.057525261478461265, "ADJ": 0.05641704863384725, "#####": 0.034303149177291055}, "VERB": {".": 0.07641485491921157, "PRT": 0.6232735821334117, "PRON": 0.7059431394293779, "X": 0.05152838427947598, "NUM": 0.04576200417536534, "ADV": 0.2414382042409724, "ADP": 0.04102259726630711, "NOUN": 0.1586622400332902, "DET": 0.06470181692523143, "CONJ": 0.19587426967392368, "VERB": 0.18436447438397446, "ADJ": 0.017932615036609322, "#####": 0.04526533725618394}, "ADP": {".": 0.06574739869723374, "PRT": 0.09067629402627933, "PRON": 0.05686057062203851, "X": 0.056768558951965066, "NUM": 0.13160751565762005, "ADV": 0.14213468192706946, "ADP": 0.02055000731163927, "NOUN": 0.24417195118641616, "DET": 0.00910281359692996, "CONJ": 0.07474622188856611, "VERB": 0.1682325828753767, "ADJ": 0.08970772069766057, "#####": 0.123155715375395}, ".": {".": 0.10651383131714745, "PRT": 0.07531169976071533, "PRON": 0.10323621332795645, "X": 0.2698689956331878, "NUM": 0.27640918580375784, "ADV": 0.16921746073995209, "ADP": 0.009573946478800548, "NOUN": 0.2835005382520829, "DET": 0.012758488987505229, "CONJ": 0.020530730815680385, "VERB": 0.08088445856572075, "ADJ": 0.10048217155783082, "#####": 0.08811158330609131}, "$$$$$": {".": 0.38017934184925134, "PRT": 0.0002938583602703497, "PRON": 0.00010081661457808247, "X": 0.0026200873362445414, "NUM": 0.004676409185803758, "ADV": 0.00044361636057137785, "ADP": 6.881542841905155e-05, "NOUN": 0.0032204662439050866, "DET": 0.00016368695778695233, "CONJ": 9.792081470117832e-05, "VERB": 0.0005795480888549494, "ADJ": 0.00040180963152568606, "#####": 2.1793614470960008e-05}, "ADV": {".": 0.043109719989848576, "PRT": 0.036270517610511734, "PRON": 0.054466176025809054, "X": 0.005240174672489083, "NUM": 0.020626304801670145, "ADV": 0.09679708987667465, "ADP": 0.015509277179943744, "NOUN": 0.026292935780646447, "DET": 0.0175145044832039, "CONJ": 0.09044619251232171, "VERB": 0.1035004704566839, "ADJ": 0.00953925828918388, "#####": 0.09179470415168356}, "CONJ": {".": 0.06991794264444633, "PRT": 0.012426010662860502, "PRON": 0.01098901098901099, "X": 0.023580786026200874, "NUM": 0.03732776617954071, "ADV": 0.01703486824594091, "ADP": 0.0018752204244191547, "NOUN": 0.059917860018273435, "DET": 0.0006456541112707565, "CONJ": 0.0003264027156705944, "VERB": 0.014256882985831753, "ADJ": 0.037487350437526046, "#####": 0.04886128364389234}, "PRT": {".": 0.018061077742999747, "PRT": 0.011418496284790731, "PRON": 0.023792721040427463, "X": 0.0069868995633187774, "NUM": 0.004843423799582463, "ADV": 0.028125277260225356, "ADP": 0.01423619175419129, "NOUN": 0.01787992003111911, "DET": 0.002055180692213957, "CONJ": 0.024839246662532233, "VERB": 0.06516847803853654, "ADJ": 0.019718435621167926, "#####": 0.036133812792851695}, "PRON": {".": 0.0464089332543778, "PRT": 0.006716762520465136, "PRON": 0.0076620627079342675, "X": 0.00611353711790393, "NUM": 0.0088517745302714, "ADV": 0.04855381066453731, "ADP": 0.06964981548863255, "NOUN": 0.020082682756936216, "DET": 0.01016677882254515, "CONJ": 0.06736952051441068, "VERB": 0.05536388801767281, "ADJ": 0.0036906958747544498, "#####": 0.1598997493734336}, "NUM": {".": 0.012139412909229338, "PRT": 0.00520549095336048, "PRON": 0.0009325536848472628, "X": 0.0017467248908296944, "NUM": 0.020793319415448853, "ADV": 0.013397214089255611, "ADP": 0.029745468934135034, "NOUN": 0.008354215101815584, "DET": 0.009775748867831875, "CONJ": 0.01805007017658387, "VERB": 0.009061404824567385, "ADJ": 0.007083754985415799, "#####": 0.017129780974174568}, "X": {".": 0.001218171051518484, "PRT": 0.0001259392972587213, "PRON": 5.0408307289041234e-05, "X": 0.5065502183406113, "NUM": 0.0003340292275574113, "ADV": 0.00011090409014284446, "ADP": 0.00042149449906669076, "NOUN": 0.00035280388627050106, "DET": 0.0014913700598366767, "CONJ": 0.0005875248882070699, "VERB": 0.00020454638430174681, "ADJ": 0.0005803916899815465, "#####": 0.0006320148196578403}}