{"DET": {".": 0.06778788166257843, "PRT": 0.0835399772133235, "PRON": 0.017528927797029203, "X": 0.005718370264474625, "NUM": 0.013165849398804327, "ADV": 0.07354405176704829, "ADP": 0.45559784222849997, "NOUN": 0.015498728095481746, "DET": 0.0059110280810321675, "CONJ": 0.15126821087936276, "VERB": 0.16297062315676586, "ADJ": 0.0058518642367497075, "#####": 0.2133977298484822}, "NOUN": {".": 0.0828511024678475, "PRT": 0.03575497620802895, "PRON": 0.008875919508784729, "X": 0.055039313795568263, "NUM": 0.38019748774098205, "ADV": 0.03283438811064496, "ADP": 0.25843527030853924, "NOUN": 0.1493081637763045, "DET": 0.6264157277132348, "CONJ": 0.24355413478670998, "VERB": 0.09750332397695376, "ADJ": 0.6526142307784174, "#####": 0.14112600910152912}, "ADJ": {".": 0.02887964330726802, "PRT": 0.018933047382883185, "PRON": 0.009504123857579995, "X": 0.0035739814152966403, "NUM": 0.05931349499563377, "ADV": 0.13629737609329445, "ADP": 0.08262247977952604, "NOUN": 0.012896857797083147, "DET": 0.2397031350341526, "CONJ": 0.11196415470076512, "VERB": 0.05751164075879691, "ADJ": 0.05691833663744716, "#####": 0.03434868271929978}, "VERB": {".": 0.07666454349564299, "PRT": 0.6222438174385094, "PRON": 0.7060003647638154, "X": 0.05218012866333095, "NUM": 0.04554309128770068, "ADV": 0.24032923273839152, "ADP": 0.041221447861913674, "NOUN": 0.15881206658175206, "DET": 0.0646710257458112, "CONJ": 0.1953673619117493, "VERB": 0.18421671782581814, "ADJ": 0.017483937229799126, "#####": 0.04514149216257214}, "ADP": {".": 0.06522652427868653, "PRT": 0.09071107834595536, "PRON": 0.055808863760714936, "X": 0.053609721229449604, "NUM": 0.1310539396789145, "ADV": 0.14186162269785962, "ADP": 0.02030681245208214, "NOUN": 0.24431453237096792, "DET": 0.009078171521980267, "CONJ": 0.07328896342102505, "VERB": 0.169213681106132, "ADJ": 0.08847063319559557, "#####": 0.12283577145049082}, ".": {".": 0.10714334114840965, "PRT": 0.07670397426445949, "PRON": 0.10369424686404442, "X": 0.272337383845604, "NUM": 0.27057163968563175, "ADV": 0.17014506150892414, "ADP": 0.009752795640251694, "NOUN": 0.2837090985626209, "DET": 0.012785334812306615, "CONJ": 0.020831149774656745, "VERB": 0.08061806820855424, "ADJ": 0.10037738553036998, "#####": 0.08892298572001464}, "$$$$$": {".": 0.38047676482944615, "PRT": 0.00033509818376784397, "PRON": 0.00012158793847650313, "X": 0.002144388849177984, "NUM": 0.00544098878215893, "ADV": 0.00037332005973120957, "ADP": 6.216371158800654e-05, "NOUN": 0.003320378414274361, "DET": 0.0001386537451106311, "CONJ": 7.860811235719526e-05, "VERB": 0.0005635714012135936, "ADJ": 0.0003821625623999809, "#####": 1.743587955294405e-05}, "ADV": {".": 0.04357017983710309, "PRT": 0.03619060384692715, "PRON": 0.05402557399639289, "X": 0.007862759113652609, "NUM": 0.020420501108349566, "ADV": 0.09683211263599517, "ADP": 0.015506392501674966, "NOUN": 0.0263924723573961, "DET": 0.017521454842664486, "CONJ": 0.09131642385494183, "VERB": 0.10319375365911043, "ADJ": 0.009685432440824517, "#####": 0.09134657297787387}, "CONJ": {".": 0.06938703600807708, "PRT": 0.012231083707526305, "PRON": 0.011409001560378544, "X": 0.023588277340957826, "NUM": 0.03835561227916975, "ADV": 0.017332717058949017, "ADP": 0.0018925396639015326, "NOUN": 0.05968697722184119, "DET": 0.0006494833323603246, "CONJ": 0.00028822974530971594, "VERB": 0.01438474964845182, "ADJ": 0.03759524207609812, "#####": 0.04913430858019633}, "PRT": {".": 0.018336066351353184, "PRT": 0.011259298974599558, "PRON": 0.023770441972156362, "X": 0.007862759113652609, "NUM": 0.005373816081144623, "ADV": 0.02869231316219868, "ADP": 0.014249304111784168, "NOUN": 0.017839322715380065, "DET": 0.0020141280868702202, "CONJ": 0.025154595954302483, "VERB": 0.06559314522085981, "ADJ": 0.019287266821124034, "#####": 0.03668509057939428}, "PRON": {".": 0.046341595630785076, "PRT": 0.006869512767240802, "PRON": 0.008207185847163961, "X": 0.007147962830593281, "NUM": 0.008530933028817089, "ADV": 0.04835383630804238, "ADP": 0.06978221979707001, "NOUN": 0.019817034448472444, "DET": 0.009917391558176192, "CONJ": 0.06760297662718792, "VERB": 0.05503849247385959, "ADJ": 0.003833568204074808, "#####": 0.1596777849458616}, "NUM": {".": 0.012068194446326688, "PRT": 0.005127002211648013, "PRON": 0.001013232820637526, "X": 0.0014295925661186562, "NUM": 0.02176395512863572, "ADV": 0.013297304984711655, "ADP": 0.030101050566725837, "NOUN": 0.00806688657369607, "DET": 0.009771440247533424, "CONJ": 0.018708730741012473, "VERB": 0.009000727718411275, "ADJ": 0.006986409343874651, "#####": 0.016825623768591008}, "X": {".": 0.0012671265364756264, "PRT": 0.00010052945513035319, "PRON": 4.052931282550104e-05, "X": 0.507505360972123, "NUM": 0.00026869080405723115, "ADV": 0.00010666287420891701, "ADP": 0.00046968137644271614, "NOUN": 0.00033748108472952525, "DET": 0.0014230252787670033, "CONJ": 0.0005764594906194319, "VERB": 0.00019150484507258033, "ADJ": 0.0005135309432249744, "#####": 0.0005405122661412655}}