{"DET": {".": 0.06794769870938278, "PRT": 0.08293374473585456, "PRON": 0.017817989364651326, "X": 0.0068846815834767644, "NUM": 0.013739042481456507, "ADV": 0.07361895272888298, "ADP": 0.4551280394842244, "NOUN": 0.015634278461503594, "DET": 0.0058215689128220055, "CONJ": 0.15245258338783518, "VERB": 0.16304006766619827, "ADJ": 0.005729547455275212, "#####": 0.21431840470742072}, "NOUN": {".": 0.08300208054940036, "PRT": 0.034858024433974066, "PRON": 0.00874518007006225, "X": 0.05421686746987952, "NUM": 0.38081591368846934, "ADV": 0.03252518543119672, "ADP": 0.2580945244063154, "NOUN": 0.14870469844291834, "DET": 0.6270011643137826, "CONJ": 0.24156311314584697, "VERB": 0.09724287526773168, "ADJ": 0.6533772996523478, "#####": 0.140045766590389}, "ADJ": {".": 0.02856103790659517, "PRT": 0.018262936246507943, "PRON": 0.009677663247561683, "X": 0.004302925989672977, "NUM": 0.05849629130141605, "ADV": 0.13625595040407396, "ADP": 0.08294787979017545, "NOUN": 0.01285102332222751, "DET": 0.23870251782855478, "CONJ": 0.11252452583387836, "VERB": 0.05737984474973056, "ADJ": 0.05723579176675967, "#####": 0.034281355562820096}, "VERB": {".": 0.07665048461577496, "PRT": 0.6220656298211233, "PRON": 0.7050832934297739, "X": 0.05421686746987952, "NUM": 0.04526298044504383, "ADV": 0.23874681722572788, "ADP": 0.04137057805111243, "NOUN": 0.15885859341356723, "DET": 0.06497416678794936, "CONJ": 0.19561805101373447, "VERB": 0.18481330404769375, "ADJ": 0.01708419749033885, "#####": 0.044633322436526096}, "ADP": {".": 0.06521592043167171, "PRT": 0.0914814660384439, "PRON": 0.05615060863429018, "X": 0.05163511187607573, "NUM": 0.13149022252191503, "ADV": 0.14276541569799622, "ADP": 0.020172786549178704, "NOUN": 0.24485392443507628, "DET": 0.009105297627710668, "CONJ": 0.0723348593852191, "VERB": 0.16918595926385724, "ADJ": 0.08850957162680353, "#####": 0.12182630489266645}, ".": {".": 0.10752042490569867, "PRT": 0.07826377017053747, "PRON": 0.10406008215932862, "X": 0.26506024096385544, "NUM": 0.267447741065408, "ADV": 0.1702867264474704, "ADP": 0.009931350508626407, "NOUN": 0.2836744407425036, "DET": 0.012798355406782128, "CONJ": 0.020830608240680185, "VERB": 0.08048321305302793, "ADJ": 0.09978961817937661, "#####": 0.08898332788492971}, "$$$$$": {".": 0.37982712833437643, "PRT": 0.00033356961180836426, "PRON": 0.0001512134882431513, "X": 0.0017211703958691911, "NUM": 0.005815913688469319, "ADV": 0.0003985386914646297, "ADP": 6.029440898558963e-05, "NOUN": 0.0033317467872441696, "DET": 0.00013644302139426576, "CONJ": 9.810333551340745e-05, "VERB": 0.0005729799047761968, "ADJ": 0.0004028588054490384, "#####": 2.1793614470960008e-05}, "ADV": {".": 0.043911432872680525, "PRT": 0.03681774590334821, "PRON": 0.05415963103908868, "X": 0.00774526678141136, "NUM": 0.02107215104517869, "ADV": 0.0966013506033433, "ADP": 0.015573184492278009, "NOUN": 0.026576913487908253, "DET": 0.017646630766991703, "CONJ": 0.09198822759973839, "VERB": 0.10249519106151349, "ADJ": 0.009653690634278808, "#####": 0.09201264029639315}, "CONJ": {".": 0.06934318916084507, "PRT": 0.012091898428053204, "PRON": 0.011341011618236347, "X": 0.02323580034423408, "NUM": 0.038772757923128794, "ADV": 0.0174692793091996, "ADP": 0.0018518997045573959, "NOUN": 0.05949547834364588, "DET": 0.0006822151069713287, "CONJ": 0.00029431000654022235, "VERB": 0.014399530702173232, "ADJ": 0.03770460005073037, "#####": 0.0501906941266209}, "PRT": {".": 0.018293611190987668, "PRT": 0.010966100988199974, "PRON": 0.0235893041659316, "X": 0.008605851979345954, "NUM": 0.00531018206338503, "ADV": 0.02938115797630909, "ADP": 0.014272547955588862, "NOUN": 0.017887173908116318, "DET": 0.002010260515208849, "CONJ": 0.0249836494440811, "VERB": 0.06581083477715174, "ADJ": 0.019367064054550066, "#####": 0.03676582761250954}, "PRON": {".": 0.046448688238975626, "PRT": 0.006879873243547513, "PRON": 0.00826633735729227, "X": 0.008605851979345954, "NUM": 0.008681726230613621, "ADV": 0.048621720358684825, "ADP": 0.06987260652730044, "NOUN": 0.01995874980168174, "DET": 0.009969436763207684, "CONJ": 0.06801831262262917, "VERB": 0.0553948786510416, "ADJ": 0.003685412035033795, "#####": 0.15966001961425302}, "NUM": {".": 0.011992760364688172, "PRT": 0.004920151774173373, "PRON": 0.0009324831774994329, "X": 0.0017211703958691911, "NUM": 0.0228422117329737, "ADV": 0.013218199933576884, "ADP": 0.030241952849772172, "NOUN": 0.007833004691643435, "DET": 0.009623781109008878, "CONJ": 0.018639633747547416, "VERB": 0.009017612310882526, "ADJ": 0.006923203175124215, "#####": 0.016737495913697286}, "X": {".": 0.0012855427189228505, "PRT": 0.0001250886044281366, "PRON": 2.5202248040525216e-05, "X": 0.5120481927710844, "NUM": 0.0002528658125421443, "ADV": 0.00011070519207350825, "ADP": 0.00048235527188471706, "NOUN": 0.00033997416196369077, "DET": 0.0015281618396157765, "CONJ": 0.0006540222367560497, "VERB": 0.0001637085442217705, "ADJ": 0.0005371450739320512, "#####": 0.0005230467473030402}}