{"DET": {".": 0.06720866747740009, "PRT": 0.0839116452268111, "PRON": 0.01753624668164182, "X": 0.005226480836236934, "NUM": 0.013825661777103355, "ADV": 0.0738838139057021, "ADP": 0.455559225393735, "NOUN": 0.015508995672967433, "DET": 0.006036088101200796, "CONJ": 0.15147029800671008, "VERB": 0.1630823633011365, "ADJ": 0.006013616868120332, "#####": 0.21298899422469217}, "NOUN": {".": 0.08285638962828155, "PRT": 0.03571428571428571, "PRON": 0.008627731264039208, "X": 0.05400696864111498, "NUM": 0.3806272129489125, "ADV": 0.03330131999195944, "ADP": 0.25808330146368597, "NOUN": 0.14991118196310635, "DET": 0.6267257432736146, "CONJ": 0.24574041181501216, "VERB": 0.09689314510580918, "ADJ": 0.6532647491077053, "#####": 0.14198539827830445}, "ADJ": {".": 0.02922892447422803, "PRT": 0.01963439404197698, "PRON": 0.009674290381866449, "X": 0.003484320557491289, "NUM": 0.05926487944697353, "ADV": 0.1368011971500681, "ADP": 0.08216284810346626, "NOUN": 0.01279890685493054, "DET": 0.24008586289457026, "CONJ": 0.11065061509111243, "VERB": 0.05747268774594788, "ADJ": 0.057046879217779914, "#####": 0.0351531001416585}, "VERB": {".": 0.07641020843786409, "PRT": 0.6225457007447529, "PRON": 0.7060445170512558, "X": 0.04878048780487805, "NUM": 0.04560782330129826, "ADV": 0.2403680789761687, "ADP": 0.04107707819073115, "NOUN": 0.15947164654976087, "DET": 0.0641678362734036, "CONJ": 0.19452667587658706, "VERB": 0.1841203665483365, "ADJ": 0.01759095408056147, "#####": 0.04482946496676474}, "ADP": {".": 0.06447882029781697, "PRT": 0.09021665538253217, "PRON": 0.055416581580559524, "X": 0.04790940766550523, "NUM": 0.13109087843533973, "ADV": 0.1404194492216291, "ADP": 0.020382088099294232, "NOUN": 0.2440309724436347, "DET": 0.008971571676252855, "CONJ": 0.07331754489836195, "VERB": 0.16993450562756268, "ADJ": 0.0875648600821811, "#####": 0.12206603465184701}, ".": {".": 0.1070763421748633, "PRT": 0.07629485443466485, "PRON": 0.10422197263630795, "X": 0.27264808362369336, "NUM": 0.26968470746922946, "ADV": 0.17045987537131754, "ADP": 0.009865104474498487, "NOUN": 0.283038032338875, "DET": 0.01287943418554091, "CONJ": 0.020952568909940135, "VERB": 0.0809736096205179, "ADJ": 0.10118172820251342, "#####": 0.09009480222294868}, "$$$$$": {".": 0.3819064708433612, "PRT": 0.0002962085308056872, "PRON": 0.00012762916071063917, "X": 0.002613240418118467, "NUM": 0.00539538020569887, "ADV": 0.00031268845062872714, "ADP": 6.0842054027743974e-05, "NOUN": 0.0034388521976770666, "DET": 0.0001100806340644522, "CONJ": 9.867771857114664e-05, "VERB": 0.0005778915215058202, "ADJ": 0.0003299241174529858, "#####": 2.1793614470960008e-05}, "ADV": {".": 0.04384763880975261, "PRT": 0.036391333784698714, "PRON": 0.05391055748417398, "X": 0.009581881533101045, "NUM": 0.020401281402798854, "ADV": 0.0970227592522279, "ADP": 0.015636407885130203, "NOUN": 0.026422227283079025, "DET": 0.01753951436093605, "CONJ": 0.09035589763831327, "VERB": 0.10318803489364044, "ADJ": 0.00961278905851654, "#####": 0.09042170644001307}, "CONJ": {".": 0.06886698585752069, "PRT": 0.012017603249830738, "PRON": 0.011792934449663058, "X": 0.024390243902439025, "NUM": 0.03903220367560276, "ADV": 0.017354209009894355, "ADP": 0.001938254006883844, "NOUN": 0.059858802095194716, "DET": 0.0006880039629028263, "CONJ": 0.0002960331557134399, "VERB": 0.014495445664437657, "ADJ": 0.03710146666266759, "#####": 0.04925356870436962}, "PRON": {".": 0.04639039365927085, "PRT": 0.006728165199729181, "PRON": 0.008270369614049419, "X": 0.006968641114982578, "NUM": 0.008093070308548306, "ADV": 0.04813168650749335, "ADP": 0.07002920418593332, "NOUN": 0.019635618310179914, "DET": 0.00974213611470402, "CONJ": 0.06775870008552069, "VERB": 0.054486914884834474, "ADJ": 0.003944092858642512, "#####": 0.15922414732483384}, "PRT": {".": 0.018326544149537796, "PRT": 0.010832769126607989, "PRON": 0.023279558913620584, "X": 0.009581881533101045, "NUM": 0.005901197099983139, "ADV": 0.028610993232528532, "ADP": 0.014271807530507944, "NOUN": 0.017572306991573673, "DET": 0.0019264110961279136, "CONJ": 0.02516281823564239, "VERB": 0.0655150114202372, "ADJ": 0.019090609159893225, "#####": 0.03652609785332898}, "NUM": {".": 0.01205044689554295, "PRT": 0.005289438050101557, "PRON": 0.001046559117827241, "X": 0.0008710801393728223, "NUM": 0.02090709829708312, "ADV": 0.01319991959439841, "ADP": 0.030481869067899733, "NOUN": 0.0080072876337964, "DET": 0.00970544257001587, "CONJ": 0.0190447996842313, "VERB": 0.009046754175954208, "ADJ": 0.006733451306199574, "#####": 0.016846463986052086}, "X": {".": 0.0013521672945598653, "PRT": 0.00012694651320243737, "PRON": 5.1051664284255664e-05, "X": 0.5139372822299652, "NUM": 0.0001686056314280897, "ADV": 0.0001340093359837402, "ADP": 0.00045196954420609814, "NOUN": 0.0003051696652243225, "DET": 0.001421874856665841, "CONJ": 0.0006249588842839286, "VERB": 0.0002132694900795289, "ADJ": 0.0005248792777661138, "#####": 0.0005884275907159203}}