{"DET": {".": 0.06768706906774637, "PRT": 0.08337154529159198, "PRON": 0.0172531905716388, "X": 0.007476635514018692, "NUM": 0.013527054108216433, "ADV": 0.07351993063738023, "ADP": 0.4548620389445828, "NOUN": 0.015451938627128549, "DET": 0.005942058087953413, "CONJ": 0.15054676024155378, "VERB": 0.1629513967360412, "ADJ": 0.005988471073145964, "#####": 0.2129672006102212}, "NOUN": {".": 0.08272205187280827, "PRT": 0.03672516570094627, "PRON": 0.008829573998426914, "X": 0.05514018691588785, "NUM": 0.38067802271209084, "ADV": 0.03285831795647051, "ADP": 0.2593547163631035, "NOUN": 0.1498353333423934, "DET": 0.626024571459866, "CONJ": 0.24246776562755018, "VERB": 0.09776809867209062, "ADJ": 0.6531764284220901, "#####": 0.1409175111692274}, "ADJ": {".": 0.028892578224262652, "PRT": 0.0187169119179624, "PRON": 0.0094638824753254, "X": 0.002803738317757009, "NUM": 0.05861723446893788, "ADV": 0.13654654187323537, "ADP": 0.08238873899888803, "NOUN": 0.012747509614992594, "DET": 0.23990945435294547, "CONJ": 0.1133017790109352, "VERB": 0.05745827597778371, "ADJ": 0.056838206744123536, "#####": 0.03397624496022665}, "VERB": {".": 0.07695370072337326, "PRT": 0.6212013839676518, "PRON": 0.7069241113338238, "X": 0.059813084112149535, "NUM": 0.045090180360721446, "ADV": 0.24005691291878795, "ADP": 0.041513304772823265, "NOUN": 0.15772211878649506, "DET": 0.06477847350261962, "CONJ": 0.195397421250204, "VERB": 0.1833665481889343, "ADJ": 0.01736805949643081, "#####": 0.04607170099160946}, "ADP": {".": 0.06513747480052177, "PRT": 0.09112509900371003, "PRON": 0.05508334813386446, "X": 0.056074766355140186, "NUM": 0.13134602538410153, "ADV": 0.14230452857873324, "ADP": 0.019920524777822794, "NOUN": 0.24505207271607118, "DET": 0.009209733657058362, "CONJ": 0.07289048473967684, "VERB": 0.16927934035981618, "ADJ": 0.08788566649741644, "#####": 0.1237659365805819}, ".": {".": 0.107142252113368, "PRT": 0.0768685647588478, "PRON": 0.10316393068276965, "X": 0.26822429906542056, "NUM": 0.269873079492318, "ADV": 0.1702274293590627, "ADP": 0.009826654368982252, "NOUN": 0.2837929050641226, "DET": 0.01261432300699173, "CONJ": 0.020989064795168925, "VERB": 0.08055800957409652, "ADJ": 0.09939965950837788, "#####": 0.08917947041516835}, "$$$$$": {".": 0.3805248267800573, "PRT": 0.0004168577264579599, "PRON": 0.00012686169537969705, "X": 0.001869158878504673, "NUM": 0.005511022044088177, "ADV": 0.00042240056912918786, "ADP": 7.757885028143883e-05, "NOUN": 0.0032978631839781832, "DET": 0.00013691378082841964, "CONJ": 9.792720744246777e-05, "VERB": 0.0005273286353145824, "ADJ": 0.0003882799199546011, "#####": 2.1793614470960008e-05}, "ADV": {".": 0.04347862914838469, "PRT": 0.03547459252157239, "PRON": 0.05373861416283967, "X": 0.008411214953271028, "NUM": 0.019956579826319307, "ADV": 0.09710766768191013, "ADP": 0.015567489289808724, "NOUN": 0.026355725280748723, "DET": 0.017588857043757643, "CONJ": 0.09195364778847723, "VERB": 0.10344544203151644, "ADJ": 0.00975179952809056, "#####": 0.09016018306636156}, "CONJ": {".": 0.06954208948144132, "PRT": 0.011922130976697653, "PRON": 0.011392180245096795, "X": 0.02336448598130841, "NUM": 0.039579158316633264, "ADV": 0.01762966585891821, "ADP": 0.0018360327899940522, "NOUN": 0.059855310782834806, "DET": 0.0006115482210336078, "CONJ": 0.0002611392198465807, "VERB": 0.014463871140057117, "ADJ": 0.038260505958603384, "#####": 0.0484472049689441}, "PRT": {".": 0.0184993816598621, "PRT": 0.011880445204051857, "PRON": 0.02417983913937026, "X": 0.007476635514018692, "NUM": 0.005594522378089512, "ADV": 0.028545385829572487, "ADP": 0.014334847557559196, "NOUN": 0.017916275951419938, "DET": 0.0020902170539805398, "CONJ": 0.02506936510527175, "VERB": 0.0657037782754299, "ADJ": 0.019384128311579703, "#####": 0.037070938215102975}, "PRON": {".": 0.046095986718392656, "PRT": 0.007253324440368502, "PRON": 0.0086265952858194, "X": 0.007476635514018692, "NUM": 0.008350033400133601, "ADV": 0.04735332696027211, "ADP": 0.06956236908569015, "NOUN": 0.019624097957408642, "DET": 0.009857792219646215, "CONJ": 0.06721070670801371, "VERB": 0.05518459926447928, "ADJ": 0.004002269944147427, "#####": 0.16022665359049798}, "NUM": {".": 0.012146572023920445, "PRT": 0.005002292717495519, "PRON": 0.001167127597493213, "X": 0.001869158878504673, "NUM": 0.02154308617234469, "ADV": 0.013316733732020187, "ADP": 0.03024713173750765, "NOUN": 0.007981916112870274, "DET": 0.009857792219646215, "CONJ": 0.01932430226864697, "VERB": 0.00910840370088824, "ADJ": 0.007078641617633882, "#####": 0.016781083142639208}, "X": {".": 0.001177387385861187, "PRT": 4.168577264579599e-05, "PRON": 5.0744678151878824e-05, "X": 0.5, "NUM": 0.00033400133600534405, "ADV": 0.00011115804450768102, "ADP": 0.000508572462956099, "NOUN": 0.0003669325795360341, "DET": 0.0013782653936727578, "CONJ": 0.0004896360372123388, "VERB": 0.00018490744355186654, "ADJ": 0.0004778829784056629, "#####": 0.00041407867494824016}}